#id,enabled / disabled,name for ui,area id,who currently controls provice,,,,,,,original claim on province,is home province?,"type of province: home, country, colony (autogenerated)",position,position,url for google maps,economic development / value (0-10),port size (tonnage),population will be used for some military and economic calculations,,,,,,,,,The starting Defense Level of the province which will affect Naval Invasion Defense and Port Defense battles. When empty it is considered zero.,AI Nations that may trigger an attack mission on that province,Nations that may intervent to protect the province,If sea region is not properly supported the region may rebel according to this probability,Probability tha will be used for triggering the start of a battle,Minimum tonnage needed for supporting an attack to this province,If player attacks the province it may have a defending fleet autogenerated from this displacement value (Works only for neutral countries),comment,
@name,enabled,nameUi,area,controller,controller_1890,controller_1900,controller_1910,controller_1920,controller_1930,controller_1940,claim,isHome,type,latitude,longitude,#posLink,development,port,population,oilDiscoveryYear,oilDiscoveryBaseChance,oilCapacity,oilReservesInTurns,revoltChance,provinceArmyPercentage,ProvinceDefenderBonus,neighbour_provinces,#Naval_Defense_Level,#Enemies,#Protectors,#Rebellion_Chance,#Naval_Invasion_Chance,#Min_Naval_Invasion_Displacement,#AverageFleetStrength,#comment,#comment2
default,1,,,,,,,,,,,0,colony,-1000,-1000,,5,,,,,,,2.5,0.0125,2,,,,,,,,,,
bahrain,,Bahrain,persian_gulf,britain,,,,,,,bahrain,,,25.7533,50.542648,Bahrain,4,"1,000","70,000",1925,5,1250,400,,,,"qatar, arabia",,,,,,,,,
burma,,Burma,benghal_sea,britain,,,,,,,burma,,,21.911151,96.023288,Burma,5,"1,000","14,667,001",1890,100,900,500,,,,"bangladesh, laos, southern_china, thailand, eastern_india, tibet, north-east_frontier",,,,,,,,,
qatar,,Qatar,persian_gulf,ottoman,,,,britain,britain,britain,qatar,,,24.86088,51.099001,Qatar,2,"2,000","11,000",1930,5,1700,500,,0.033,,"bahrain, arabia",,,,,,,,,
ceylon,,Ceylon,benghal_sea,britain,,,,,,,ceylon,,,7.581089,80.763819,Ceylon,4.2,"1,000","3,912,000",,,,,,,,,,,,,,,,,
djibouti,,Djibouti,arabian_sea,france,,,,,,,djibouti,,,12.320486,42.858115,Djibouti,4,"1,000","50,000",1930,5,350,100,,,,"eritrea, ethiopia, british_somaliland",,,,,,,,,
eritrea,,Eritrea,red_sea,italy,,,,,,,eritrea,,,16.160361,37.217545,Eritrea,3,"3,000","220,000",1930,5,400,100,,,,"djibouti, sudan, ethiopia",,,,,,,,,
western_india,,Western India,arabian_sea,britain,,,,,,,india,,,20.97664693,75.64133499,Western India,10,"80,000","85,000,000",1890,100,250,1000,15,,,"pakistan, northern_india, eastern_india",,,,,,,,,
eastern_india,,Eastern India,benghal_sea,britain,,,,,,,india,,,21.49078192,82.53696256,Eastern India,12,"80,000","86,500,000",1890,100,550,1000,15,,,"western_india, bangladesh, northern_india, north-east_frontier, burma, tibet, bhutan",,,,,,,,,
northern_india,,Northern India,benghal_sea,britain,,,,,,,india,,,26.96115827,78.23009792,Northern India,9,"80,000","65,000,000",1890,,,,,,,"pakistan, bangladesh, kashmir, nepal, western_india, eastern_india",,,,,,,,,
pakistan,,Pakistan,arabian_sea,britain,britain,britain,britain,pakistan,pakistan,pakistan,pakistan,,,29.98080086,69.72358551,Pakistan,6.5,"80,000","39,000,000",1930,5,400,30,,,,"western_india, northern_india, afghanistan, kashmir, persia",,,,,,,,,
bangladesh,,Bangladesh,benghal_sea,britain,,,,,,,bangladesh,,,24.20295732,90.79178652,Bangladesh,4.5,"80,000","17,500,000",,,,,,,,"bhutan, northern_india, eastern_india, burma",,,,,,,,,
kashmir,,Kashmir,benghal_sea,britain,,,,,,,sikh,,,33.56963084,75.97194508,Kashmir,3.5,0,"2,600,000",1930,5,700,200,,,,"pakistan, northern_india, tibet, xinjiang, afghanistan",,,,,,,,,
andaman_islands,,Andaman Islands,benghal_sea,britain,,,,,,,india,,,9.636765,92.777694,Andaman Islands,0.5,"5,000","58,000",,,,,,,,,,,,,,,,,
persia,,Persia,persian_gulf,persia,,,,,,,persia,,country,32.140477,54.157615,Persia,10,"25,000","9,860,000",1905,15,4600,2000,7,,,"turkmenistan, afghanistan, pakistan, iraq, eastern_turkey, armenia, azerbaijan",,,,,,,,,
iraq,,Iraq,persian_gulf,ottoman,ottoman,ottoman,ottoman,britain,iraq,iraq,iraq,,,33.090417,43.064089,Iraq,6.8,"13,000","3,750,000",1910,25,3500,2000,7,0.033,,"persia, eastern_turkey, syria, transjordania, arabia, kuwait",,,,,,,,,
kuwait,,Kuwait,persian_gulf,ottoman,ottoman,ottoman,ottoman,kuwait,kuwait,kuwait,kuwait,,,28.706483,47.14352,Kuwait,3.5,"20,000","40,000",1930,10,2500,2000,,0.033,,"iraq, arabia",,,,,,,,,
british_east_africa,,British East Africa,indian_west,britain,,,,,,,kenya,,,0.473046,37.938479,British East Africa,4,"1,000","1,352,000",,,,,,,,"italian_somaliland, ethiopia, south_sudan, uganda, tanganyika",,,,,,,,,
maldives,,Maldives,arabian_sea,britain,,,,,,,maldives,,,-0.551943,73.126784,Maldives,1.2,"4,000","56,000",,,,,,,,,,,,,,,,,
seychelles,,Seychelles,indian_west,britain,,,,,,,seychelles,,,-5.923429,54.208512,Seychelles,0.8,"3,000","22,000",,,,,,,,,,,,,,,,,
comoros,,Comoros,indian_west,france,,,,,,,comoros,,,-13.583873,43.810785,Comoros,1.4,"3,000","112,000",,,,,,,,,,,,,,,,,
mauritius,,Mauritius,indian_west,britain,,,,,,,mauritius,,,-18.610008,59.628433,Mauritius,1.45,"5,500","375,000",,,,,,,,,,,,,,,,,
reunion,,Réunion,indian_west,france,,,,,,,reunion,,,-21.731104,55.680568,Réunion,1.35,"4,500","178,000",,,,,,,,,,,,,,,,,
madagascar,,Madagascar,indian_west,france,madagascar,france,france,france,france,france,madagascar,,,-21.208293,46.548542,Madagascar,5,"5,000","2,249,500",,,,,,0.0085,,,,,,,,,,,
mozambique,,Mozambique,indian_west,portugal,,,,,,,mozambique,,,-17.522569,35.509281,Mozambique,5,"2,000","2,239,000",,,,,,0.005,,"tanganyika, nyasaland, southern_rhodesia, transvaal, south_africa",,,,,,,,,
oman,,Oman,arabian_sea,oman,,,,,,,oman,,country,20.586618,56.074533,Oman,3,"2,000","500,000",1935,2,800,1000,7,,,"trucial_states, arabia, yemen",,,,,,,,,
arabia,,Arabia,persian_gulf,arabia,,,,,,,arabia,,country,23.711914,45.570778,Arabia,4.8,"12,000","4,218,000",1930,20,10000,2000,15,0.015,,"transjordania, iraq, kuwait, bahrain, qatar, trucial_states, oman, yemen, hejaz",,,,,,,,,
hejaz,,Hejaz,red_sea,ottoman,ottoman,ottoman,ottoman,arabia,arabia,arabia,arabia,,,25.449132,38.204411,Hejaz,5,"20,000","1,350,000",1935,1,500,1000,15,0.015,,"arabia, transjordania, yemen",,,,,,,,,
british_somaliland,,British Somaliland,arabian_sea,britain,,,,,,,somalia,,,9.105611,46.50841,British Somaliland,2,"12,000","300,000",1930,4,400,100,,,,"djibouti, italian_somaliland, ethiopia",,,,,,,,,
italian_somaliland,,Italian Somaliland,indian_west,italy,,,,,,,somalia,,,4.447033,45.876953,Italian Somaliland,3,"1,000","400,000",1930,3,400,100,,,,"british_somaliland, ethiopia, british_east_africa",,,,,,,,,
sudan,,Sudan,red_sea,sudan,,britain,britain,britain,britain,britain,sudan,,country,13.930448,30.42873,Sudan,5,"5,000","5,588,000",1930,5,400,500,,,,"south_egypt, cyrenaica, chad, central_african_republic, ethiopia, eritrea, south_sudan",,,,,,,,,
south_sudan,,South Sudan,red_sea,sudan,,britain,britain,britain,britain,britain,sudan,,country,7.703822446,30.26061804,South Sudan,3,0,"1,348,000",1930,3,600,700,,,,"sudan, central_african_republic, ethiopia, uganda, congo_free_state",,,,,,,,,
tanganyika,,Tanganyika,indian_west,germany,germany,germany,germany,britain,britain,britain,tanganyika,,,-6.571685,35.086366,Tanganyika,5,"1,000","3,500,000",1930,4,400,100,,,,"british_east_africa, uganda, congo_free_state, northern_rhodesia, nyasaland, mozambique, burundi",,,,,,,,,
rwanda,,Rwanda,indian_west,germany,germany,germany,germany,britain,britain,britain,rwanda,,,-2.012507796,29.82844119,Rwanda,1.2,"1,000","990,000",1930,1,100,70,,,,"uganda, congo_free_state, tanganyika, burundi",,,,,,,,,
burundi,,Burundi,indian_west,germany,germany,germany,germany,britain,britain,britain,rwanda,,,-3.289919734,29.93494241,Burundi,1.1,"1,000","775,000",1930,1,100,70,,,,"rwanda, congo_free_state, tanganyika",,,,,,,,,
trucial_states,,Trucial States,persian_gulf,britain,,,,,,,uae,,,24.038894,54.05382,Trucial States,1.2,"1,000","70,000",1930,5,600,500,,,,"arabia, oman",,,,,,,,,
yemen,,Yemen,arabian_sea,ottoman,ottoman,ottoman,ottoman,yemen,yemen,yemen,yemen,,,15.800019,47.807081,Yemen,3,"1,000","3,750,000",1930,4,400,100,,0.035,,"arabia, oman, hejaz",,,,,,,,,
zanzibar,,Zanzibar,indian_west,britain,,,,,,,zanzibar,,,-5.763122,39.848107,Zanzibar,1.5,"1,000","200,000",1930,10,90,100,,,,,,,,,,,,,
kerguelen_islands,,Kerguelen Islands,indian_south,france,,,,,,,taaf,,,-48.714694,69.459645,Kerguelen Islands,0.1,"3,000",100,1930,4,200,100,,,,,,,,,,,,,
albania,,Albania,adriatic,ottoman,ottoman,ottoman,ottoman,italy,albania,albania,albania,,,41.027982,19.951121,Albania,3,"2,000","560,000",1930,10,100,100,7,0.033,3,"northern_greece, central_balkans, montenegro, kosovo",,,,,,,,,
northern_algeria,,Northern Algeria,medit2,france,,,,,,,algeria,,,33.22387823,3.141426421,Northern Algeria,4,"4,000","2,995,000",1930,5,200,100,7,,,"southern_algeria, tunisia, tripolitania, morocco",,,,,,,,,
southern_algeria,,Southern Algeria,medit2,neutral,neutral,neutral,france,france,france,france,algeria,,,27.33594936,1.746912083,Southern Algeria,1.5,"4,000","1,225,000",1930,2,300,100,7,,,"northern_algeria, tunisia, tripolitania, niger, french_sudan, mauritania, western_sahara, morocco",,,,,,,,,
galicia,,Galicia,adriatic,austria,austria,austria,austria,slovakia,slovakia,slovakia,slovakia,1,home,48.8275207,19.93953992,Galicia,17.5,"180,000","5,600,000",1893,55,100,320,,,3,"eastern_poland, bohemia-moravia, austria, hungary, ukraine",,,,,,,,,
bohemia-moravia,,Bohemia-Moravia,adriatic,austria,austria,austria,austria,czechia,czechia,czechia,czechia,1,home,49.69880822,14.92443547,Bohemia-Moravia,10.5,"180,000","7,400,000",,,,,7,,3,"galicia, austria, southern_germany, eastern_germany, eastern_poland",,,,,,,,,
hungary,,Hungary,adriatic,austria,,,,,,,hungary,1,home,47.2913612,19.37673089,Hungary,25.5,"180,000","11,500,000",,,,,7,,3,"austria, galicia, slovenia, croatia, serbia, romania, ukraine",,,,,,,,,
austria,,Austria,adriatic,austria,,,,,,,austrianew,1,home,47.29421199,14.53276665,Austria,25.5,"180,000","9,500,000",,,,,7,0.05,3,"hungary, northeast_italy, switzerland, southern_germany, bohemia-moravia, galicia",,,,,,,,,
croatia,,Croatia,adriatic,austria,,,,,,,croatia,1,home,44.90430851,15.18225804,Croatia,12.5,"120,000","3,295,100",,,,,7,0.05,,"hungary, slovenia, serbia, montenegro, bosnia_&_herzegovina",,,,,,,,,
slovenia,,Slovenia,adriatic,austria,,,,,,,slovenia,1,home,46.07241652,14.65887748,Slovenia,4.5,0,"2,150,000",,,,,7,0.05,,"northeast_italy, austria, hungary, croatia",,,,,,,,,
bosnia_&_herzegovina,,Bosnia & Herzegovina,adriatic,austria,,,,,,,bosnia,1,home,44.19263081,17.73481001,Bosnia & Herzegovina,5,0,"3,150,000",,,,,7,0.05,,"croatia, serbia, montenegro",,,,,,,,,
bulgaria,,Bulgaria,b_sea,bulgaria,,,,,,,bulgaria,,country,43.246367,25.625711,Bulgaria,3.2,"10,000","4,744,300",1930,5,150,100,7,0.045,,"eastern_rumelia, romania, serbia, central_balkans",,,,,,,,,
eastern_rumelia,,Eastern Rumelia,b_sea,ottoman,ottoman,ottoman,bulgaria,bulgaria,bulgaria,bulgaria,bulgaria,,,42,24.84827,Eastern Rumelia,3.3,"10,000","975,030",,,,,7,0.045,,"bulgaria, central_balkans, northern_greece, bosporus",,,,,,,,,
ukraine,,Ukraine,b_sea,russia,russia,russia,russia,ukraine,russia,russia,ukraine,1,home,49.63208384,29.99928461,Ukraine,12,"90,000","21,798,720",1920,5,900,200,7,0.03,,"belarus, eastern_poland, galicia, hungary, romania, moldova, central_russia, southern_russia, crimaia",,,,,,,,,
crimaia,,Crimea,b_sea,russia,russia,russia,russia,ukraine,russia,russia,ukraine,1,home,45.452016,34.16650972,Crimea,5,"90,000","1,145,300",1930,1,900,200,7,0.03,,ukraine,,,,,,,,,
belarus,,Belarus,b_sea,russia,russia,russia,russia,belarus,russia,russia,belarus,1,home,53.18951208,28.02758976,Belarus,8,0,"7,544,020",1930,1,100,100,7,0.03,,"ukraine, eastern_poland, lithuania, latvia, central_russia",,,,,,,,,
moldova,,Moldova,b_sea,russia,russia,russia,russia,moldova,russia,russia,moldova,1,home,47.58310945,28.36537115,Moldova,2,"90,000","1,364,050",1930,1,100,100,7,,,"ukraine, romania",,,,,,,,,
georgia,,Georgia,b_sea,russia,russia,russia,russia,georgia,russia,russia,georgia,1,home,42.20099357,43.44215947,Georgia,3,"90,000","2,150,000",1930,1,100,100,7,,,"southern_russia, armenia, azerbaijan, northern_turkey, eastern_turkey",,,,,,,,,
armenia,,Armenia,b_sea,russia,russia,russia,russia,armenia,russia,russia,armenia,1,home,40.18045674,44.62623828,Armenia,2,"90,000","1,450,000",1930,1,110,100,7,,,"azerbaijan, eastern_turkey, georgia, persia",,,,,,,,,
azerbaijan,,Azerbaijan,b_sea,russia,russia,russia,russia,azerbaijan,russia,russia,azerbaijan,1,home,40.31794801,47.9641869,Azerbaijan,1.75,"90,000","1,450,000",1890,100,200,1000,7,,,"armenia, georgia, southern_russia, persia",,,,,,,,,
romania,,Romania,b_sea,romania,,,,,,,romania,,country,45.035097,26.987629,Romania,4.4,"20,000","5,000,000",1930,1,100,100,7,0.03,,"ukraine, moldova, hungary, serbia, bulgaria",,,,,,,,,
bosporus,,Bosporus,b_sea,ottoman,,,,,,,ottoman,,country,41.26259081,28.13979623,Bosporus,8,"80,000","1,400,000",,,,,,0.03,,"dardanelles, eastern_rumelia, northern_greece, northern_turkey",,,,,,,,,
dardanelles,,Dardanelles,aegean,ottoman,,,,,,,ottoman,,country,40.76443987,26.86240145,Dardanelles,2,"80,000","900,000",,,,,,0.03,,"bosporus, western_turkey",,,,,,,,,
northern_turkey,,Northern Turkey,b_sea,ottoman,,,,,,,ottoman,,country,40.5,34.320862,Northern Turkey,9,"80,000","2,500,000",1930,1,150,100,6,0.12,,"bosporus, western_turkey, southern_turkey, eastern_turkey, georgia",,,,,,,,,
eastern_turkey,,Eastern Turkey,b_sea,ottoman,,,,,,,ottoman,,country,39.72015569,39.63019097,Eastern Turkey,9,"80,000","1,500,000",1930,1,150,100,6,0.12,,"northern_turkey, southern_turkey, syria, georgia, armenia, persia, iraq",,,,,,,,,
western_turkey,,Western Turkey,aegean,ottoman,ottoman,ottoman,ottoman,greece,ottoman,ottoman,ottoman,,country,38.79188678,29.01470088,Western Turkey,6,"80,000","5,500,000",1930,1,150,100,6,0.12,,"dardanelles, southern_turkey, northern_turkey",,,,,,,,,
corsica,,Corsica,medit2,france,,,,,,,corsica,,,42.13862,9.070584,Corsica,2,"4,000","165,000",,,,,,,,,,,,,,,,,
cyprus,,Cyprus,medit,britain,britain,britain,britain,cyprus,cyprus,cyprus,cyprus,,,35.143466,33.380997,Cyprus,3,"25,000","240,000",,,,,6,,3,,,,,,,,,,
north_egypt,,Northern Egypt,medit,ottoman,ottoman,ottoman,ottoman,britain,britain,britain,egypt,,,29.18496533,29.48837025,Northern Egypt,12,"45,000","15,250,000",1890,100,950,1000,15,0.03,1.5,"palestine, cyrenaica",,,,,,,,,
south_egypt,,Southern Egypt,red_sea,ottoman,ottoman,ottoman,ottoman,britain,britain,britain,egypt,,,25.49734318,30.2326833,Southern Egypt,8,"25,000","6,500,000",1912,10,450,1000,15,0.03,1.5,"cyrenaica, sudan",,,,,,,,,
gibraltar,,Gibraltar,medit2,britain,,,,,,,gibraltar,,,35.5,-5.245375,Gibraltar,0.4,"35,000","29,000",,,,,,,,southern_spain,,,,,,,,,
northern_greece,,Northern Greece,aegean,ottoman,ottoman,ottoman,ottoman,greece,greece,greece,greece,,,39.670611,21.818518,Northern Greece,8.5,"30,000","2,712,000",,,,,33,0.05,5,"bosporus, eastern_rumelia, central_balkans, albania, southern_greece",,,,,,,,,
southern_greece,,Southern Greece,aegean,greece,,,,,,,greece,,country,37.103808,22.441516,Southern Greece,10,"35,000","2,250,000",1930,1,200,100,33,0.061,5,northern_greece,,,,,,,,,
crete,,Crete,aegean,greece,ottoman,greece,greece,greece,greece,greece,greece,,country,35.12040473,25.07349266,Crete,3,"35,000","215,000",1930,2,200,100,33,0.06,8,,,,,,,,,,
palestine,,Palestine,medit,ottoman,ottoman,ottoman,ottoman,britain,britain,britain,palestine,,,30.987871,34.801139,Palestine,4,"40,000","520,000",,,,,12,0.01,3,"north_egypt, transjordania, lebanon, syria",,,,,,,,,
northeast_italy,,Northeast Italy,adriatic,italy,,,,,,,italy,1,home,45.12735841,11.68965256,Northeast Italy,27,"100,000","10,500,000",,,,,7,,,"austria, croatia, switzerland, northwest_italy, central_italy",,,,,,,,,
northwest_italy,,Northwest Italy,medit2,italy,,,,,,,italy,1,home,44.45497784,9.640231652,Northwest Italy,21,"120,000","6,000,000",1925,5,200,100,7,0.03,,"northeast_italy, switzerland, southern_france, central_italy",,,,,,,,,
southern_italy,,Southern Italy,adriatic,italy,,,,,,,italy,1,home,40.33634458,16.06658764,Southern Italy,20,"120,000","5,500,000",,,,,7,0.03,,central_italy,,,,,,,,,
central_italy,,Central Italy,medit2,italy,,,,,,,italy,1,home,42.83508651,12.16721204,Central Italy,24,"80,000","10,500,000",,,,,7,0.03,,"northwest_italy, northeast_italy",,,,,,,,,
lebanon,,Lebanon,medit,ottoman,ottoman,ottoman,ottoman,france,france,france,lebanon,,,34.401035,35.959823,Lebanon,3,"15,000","550,000",,,,,7,,3,"syria, palestine",,,,,,,,,
tripolitania,,Tripolitania,medit3,ottoman,ottoman,ottoman,ottoman,italy,italy,italy,libya,,,31.19324837,13.02271579,Tripolitania,3,"25,000","325,500",1925,5,850,1000,15,0.03,1.5,"tunisia, southern_algeria, cyrenaica, fezzan-ghadames",,,,,,,,,
cyrenaica,,Cyrenaica,medit3,ottoman,ottoman,ottoman,ottoman,italy,italy,italy,libya,,,28.56369149,20.81886929,Cyrenaica,3.5,"25,000","425,075",1925,10,1100,1000,15,0.03,1.5,"north_egypt, south_egypt, sudan, chad",,,,,,,,,
fezzan-ghadames,,Fezzan-Ghadames,medit3,ottoman,ottoman,ottoman,ottoman,italy,italy,italy,libya,,,26.43145908,13.71920212,Fezzan-Ghadames,2,"25,000","125,070",1925,7,750,1000,15,0.03,1.5,"tripolitania, cyrenaica, chad, niger, southern_algeria",,,,,,,,,
malta,,Malta,medit3,britain,,,,,,,malta,,,35.322167,14.638622,Malta,2,"25,000","195,000",,,,,,,,,,,,,,,,,
montenegro,,Montenegro,adriatic,montenegro,,,,,,,serbia,,,42.884913,19.356442,Montenegro,2,"8,000","320,000",,,,,,0.02,3,"croatia, bosnia_&_herzegovina, serbia, albania, kosovo",,,,,,,,,
dodecanese,,Dodecanese,aegean,ottoman,ottoman,ottoman,ottoman,italy,italy,italy,greece,,,36.852821,27.456302,Dodecanese,2,"20,000","55,000",,,,,,0.03,6,,,,,,,,,,
sardinia,,Sardinia,medit2,italy,,,,,,,italy,1,home,40.195412,9.013224,Sardinia,4,"15,000","350,000",,,,,,,,,,,,,,,,,
balearic_islands,,Balearic Islands,medit2,spain,,,,,,,spain,1,home,39.12057024,2.457932414,Balearic Islands,1,"15,000","255,000",,,,,,,,,,,,,,,,,
eastern_sicily,,Eastern Sicily,medit3,italy,,,,,,,italy,1,home,37.11674381,14.54117936,Eastern Sicily,7,"45,000","2,300,000",1930,2,100,60,,0.03,,western_sicily,,,,,,,,,
western_sicily,,Western Sicily,medit2,italy,,,,,,,italy,1,home,37.70348384,13.22264824,Western Sicily,5,"25,000","1,100,000",,,,,,0.03,,eastern_sicily,,,,,,,,,
southern_spain,,Southern Spain,medit2,spain,,,,,,,spain,1,home,38.336278,-2.07953,Southern Spain,10,"85,000","9,500,000",,,,,,0.03,,"southern_france, western_spain, northern_spain, western_france, gibraltar",,,,,,,,,
southern_france,,Southern France,medit2,france,,,,,,,france,1,home,44.762571,4.467499,Southern France,30,"75,000","12,900,000",,,,,,0.03,,"southern_spain, northwest_italy, switzerland, western_france, northern_france",,,,,,,,,
syria,,Syria,medit,ottoman,ottoman,ottoman,ottoman,france,france,france,syria,,,34.992578,38.604999,Syria,5,"20,000","750,000",1930,4,400,100,10,0.03,3,"lebanon, transjordania, iraq, southern_turkey, eastern_turkey, palestine",,,,,,,,,
tunisia,,Tunisia,medit3,france,,,,,,,tunisia,,,34.062112,9.558722,Tunisia,3,"20,000","1,900,000",1930,5,375,200,7,0.01,,"tripolitania, northern_algeria",,,,,,,,,
southern_turkey,,Southern Turkey,medit,ottoman,,,,,,,ottoman,,country,37.69,33.08,Southern Turkey,6,"45,000","5,500,000",,,,,7,0.12,,"syria, eastern_turkey, western_turkey, northern_turkey",,,,,,,,,
bermuda,,Bermuda,n_am_east,britain,,,,,,,bermuda,,,32.315199,-64.743456,Bermuda,1.4,"10,000","20,000",,,,,,,,,,,,,,,,,
eastern_usa,,Eastern USA,n_am_east,usa,,,,,,,usa,1,home,42.264602,-75.590955,Eastern USA,15.5,"120,000","22,863,660",1890,100,950,350,,0.03,,"maine, southeastern_seaboard, central_canada, central_usa",,,,,,,,,
maine,,Maine,n_am_east,usa,,,,,,,usa,1,home,44.942479,-69.353089,Maine,4,"30,000","695,000",,,,,,0.03,,"new_brunswick, eastern_usa",,,,,,,,,
new_brunswick,,New Brunswick,n_am_east,canada,,,,,,,canada,,country,46.902078,-66.219973,New Brunswick,3,"30,000","331,120",,,,,,,,"central_canada, nova_scotia, maine",,,,,,,,,
new_foundland,,Newfoundland,labrador_sea,britain,,,,,,,canada,,,53.812148,-61.19874,Newfoundland,3,"30,000","285,000",,,,,,,,central_canada,,,,,,,,,
nova_scotia,,Nova Scotia,n_am_east,canada,,,,,,,canada,,country,45.387035,-62.685378,Nova Scotia,3,"35,000","459,574",,,,,,,,new_brunswick,,,,,,,,,
southeastern_seaboard,,Southeastern Seaboard,n_am_east,usa,,,,,,,usa,1,home,35.767539,-80.294725,Southeastern Seaboard,13.5,"120,000","15,242,440",1890,100,950,500,,,,"eastern_usa, central_usa, gulf_coast",,,,,,,,,
central_canada,,Central Canada,n_am_east,canada,,,,,,,canada,,country,53.56150359,-74.58722301,Central Canada,7.5,"100,000","3,046,049",,,,,,,,"central_usa, eastern_usa, new_brunswick, new_foundland, canadian_prairies",,,,,,,,,
canadian_prairies,,Canadian Prairies,n_am_east,canada,,,,,,,canada,,country,52.27037292,-106.0367497,Canadian Prairies,2.5,"100,000","510,000",1890,100,550,1200,,,,"central_usa, british_columbia, northern_canada, central_canada",,,,,,,,,
northern_canada,,Northern Canada,labrador_sea,canada,,,,,,,canada,,country,65.05292558,-100.2932414,Northern Canada,1.5,"100,000","250,000",1920,2,1000,500,,,,"british_columbia, southern_alaska, northern_alaska, canadian_prairies",,,,,,,,,
southern_alaska,,Southern Alaska,alaska_gulf,usa,,,,,,,alaska,,,63.95639458,-149.2294651,Southern Alaska,1,"25,000","63,592",1930,5,950,400,,,,"northern_canada, british_columbia, northern_alaska, eastern_aleutians",,,,,,,,,
british_columbia,,British Columbia,alaska_gulf,canada,,,,,,,canada,,country,54.47343,-124.786656,British Columbia,2,"25,000","178,657",,,,,,,,"northern_canada, central_usa, canadian_prairies, southern_alaska",,,,,,,,,
eastern_aleutians,,Eastern Aleutians,alaska_gulf,usa,,,,,,,eastern_aleutians,,,55.153152,-162.479952,Eastern Aleutians,1.5,"20,000","1,200",1925,2,400,100,,,,southern_alaska,,,,,,,,,
hawaii,,Hawaii,s_pacific,hawaii,hawaii,usa,usa,usa,usa,usa,hawaii,,country,20.638978,-157.612051,Hawaii,1,"20,000","154,000",,,,,,,,,,,,,,,,,
western_mexico,,Northwest Mexico,n_am_west,mexico,,,,,,,mexico,,country,21.55847535,-104.3685554,Northwest Mexico,4.5,"10,000","4,607,000",1920,4,800,400,,,,"gulf_coast, eastern_mexico, western_usa",,,,,,,,,
northeast_mexico,,Northeast Mexico,mex_coast,mexico,,,,,,,mexico,,country,22.6077906,-99.45563766,Northeast Mexico,6.5,"10,000","5,205,000",1920,2,800,400,,,,"gulf_coast, western_usa",,,,,,,,,
western_usa,,Western USA,n_am_west,usa,,,,,,,usa,1,home,37.704221,-119.145924,Western USA,15,"120,000","11,431,830",1930,5,1250,500,,,,"western_mexico, gulf_coast, central_usa",,,,,,,,,
esthonia,,Estonia,baltic,russia,russia,russia,russia,esthonia,esthonia,esthonia,esthonia,1,home,58.65361436,25.85405938,Estonia,2.5,"120,000","1,058,100",,,,,5,0.03,,"latvia, central_russia",,,,,,,,,
latvia,,Latvia,baltic,russia,russia,russia,russia,latvia,latvia,latvia,latvia,1,home,56.236488,26.11863,Latvia,3,"120,000","1,355,000",,,,,5,0.03,,"esthonia, central_russia, belarus, lithuania",,,,,,,,,
lithuania,,Lithuania,baltic,russia,russia,russia,russia,lithuania,lithuania,lithuania,lithuania,1,home,55.56107554,23.77248709,Lithuania,3,"120,000","1,555,000",,,,,5,0.03,,"latvia, belarus, prussia, eastern_poland",,,,,,,,,
eastern_denmark,,Eastern Denmark,baltic,denmark,,,,,,,denmark,,country,55.36119079,11.36124201,Eastern Denmark,5,"40,000","1,430,000",1925,2,200,100,5,0.03,4,"western_germany, eastern_germany, western_denmark",,,,,,,,,
western_denmark,,Western Denmark,n_sea,denmark,,,,,,,denmark,,country,55.70734674,8.838586618,Western Denmark,4.5,"30,000","1,240,000",1925,2,200,100,5,0.03,4,"western_germany, eastern_germany, eastern_denmark",,,,,,,,,
faroe_islands,,Faroe Islands,n_sea,denmark,,,,,,,denmark,,,62.14601787,-6.983874157,Faroe Islands,0.25,"10,000","15,000",,,,,0.01,0.03,4,,,,,,,,,,
shetland,,Shetland,n_sea,britain,,,,,,,scotland,,,60.30506162,-1.265866398,Shetland,0.15,"10,000","9,000",,,,,0.01,0.03,4,,,,,,,,,,
prussia,,Prussia,baltic,germany,,,,,,,poland,1,home,54.71175945,21.66765405,Prussia,10,"180,000","3,219,138",1925,2,400,100,5,0.03,3,"lithuania, poland, eastern_poland",,,,,,,,,
northern_finland,,Northern Finland,baltic,russia,russia,russia,russia,finland,finland,finland,finland,,,65.26371726,27.05263644,Northern Finland,3,"40,000","420,000",1930,3,400,100,7,0.03,3,"eastern_sweden, northern_russia, northern_norway, southern_finland",,,,,,,,,
southern_finland,,Southern Finland,baltic,russia,russia,russia,russia,finland,finland,finland,finland,,,61.897096,26.100266,Southern Finland,4,"40,000","1,756,000",1930,3,400,100,7,0.03,3,"northern_russia, northern_finland, central_russia",,,,,,,,,
eastern_sweden,,Eastern Sweden,baltic,sweden,,,,,,,sweden,,country,61.882353,16.672607,Eastern Sweden,6,"75,000","1,245,500",,,,,7,0.039,3,"western_sweden, northern_norway, southern_norway, northern_finland",,,,,,,,,
western_sweden,,Western Sweden,n_sea,sweden,,,,,,,sweden,,country,58.22344015,12.77520583,Western Sweden,6,"75,000","3,136,400",,,,,7,0.039,3,"eastern_sweden, southern_norway",,,,,,,,,
northern_russia,,Northern Russia,arctic,russia,,,,,,,russia,1,home,64.35099211,42.10806776,Northern Russia,4,"150,000","750,000",1925,15,1000,2500,7,0.03,3,"northern_finland, southern_finland, southern_russia, siberian_russia, central_russia",,,,,,,,,
central_russia,,Central Russia,baltic,russia,,,,,,,russia,1,home,57.846953,44.563778,Central Russia,12,"150,000","26,188,040",1925,15,2500,2500,7,0.03,3,"southern_finland, esthonia, latvia, belarus, ukraine, southern_russia, siberian_russia, kazakhstan, northern_russia",,,,,,,,,
southern_russia,,Southern Russia,b_sea,russia,,,,,,,russia,1,home,49.94863216,42.6936419,Southern Russia,12,"150,000","10,188,050",1890,100,500,1500,7,0.03,,"central_russia, ukraine, kazakhstan, georgia, azerbaijan",,,,,,,,,
belgium,,Belgium,n_sea,belgium,,,,,,,belgium,,country,50.76767627,4.428191106,Belgium,11,"45,000","6,693,500",,,,,,0.02,,"netherlands, western_germany, luxembourg, northern_france",,,,,,,,,
poland,,Western Poland,baltic,germany,germany,germany,germany,poland,poland,poland,poland,1,home,52.43782002,16.5669098,Western Poland,14,0,"8,925,780",,,,,,0.03,,"eastern_germany, prussia, bohemia-moravia, eastern_poland",,,,,,,,,
eastern_poland,,Eastern Poland,baltic,russia,russia,russia,russia,poland,poland,poland,poland,1,home,51.73203674,21.36168578,Eastern Poland,10,0,"5,575,280",,,,,,0.03,,"poland, prussia, belarus, ukraine, galicia, bohemia-moravia, lithuania",,,,,,,,,
eastern_germany,,Eastern Germany,baltic,germany,,,,,,,germany,1,home,52.585946,12.054444,Eastern Germany,34,"180,000","12,400,780",1925,5,500,100,7,0.03,3,"denmark, western_germany, southern_germany, bohemia-moravia, poland",,,,,,,,,
western_germany,,Western Germany,n_sea,germany,,,,,,,germany,1,home,51.014777,9.061712,Western Germany,42,"100,000","18,601,169",1890,100,800,1500,7,0.03,3,"eastern_germany, netherlands, luxembourg, southern_germany, belgium",,,,,,,,,
netherlands,,Netherlands,n_sea,netherlands,,,,,,,netherlands,,country,51.99265528,5.271314421,Netherlands,17,"40,000","5,104,100",,,,,7,0.03,3,"belgium, western_germany",,,,,,,,,
northern_norway,,Northern Norway,arctic,norway,,,,,,,norway,,country,68.71575693,18.52479738,Northern Norway,6,"60,000","418,000",1930,5,200,150,7,0.055,3,"eastern_sweden, southern_norway",,,,,,,,,
southern_norway,,Southern Norway,n_sea,norway,,,,,,,norway,,country,61.86287615,9.162050019,Southern Norway,6,"60,000","1,512,000",1930,5,200,150,7,0.05,3,"western_sweden, eastern_sweden, northern_norway",,,,,,,,,
heligoland,,Heligoland,n_sea,germany,,,,,,,heligoland,,,54.20443449,7.884719939,Heligoland,1,"25,000","1,000",,,,,,,3,,,,,,,,,,
scotland,,Scotland,n_sea,britain,,,,,,,scotland,1,home,56.81027777,-3.98376559,Scotland,35,"130,000","4,472,103",,,,,7,0.05,,"north_east_england, north_west_england",,,,,,,,,
north_west_england,,Northwest England,irish_sea,britain,,,,,,,britain,1,home,53.4773341,-1.6272721,Northwest England,6,"120,000","2,740,327",1890,100,200,300,7,0.03,,"north_east_england, wales, eastern_england, scotland",,,,,,,,,
north_east_england,,Northeast England,n_sea,britain,,,,,,,britain,1,home,54.06476367,-1.087436554,Northeast England,9,"120,000","3,349,289",1890,100,300,300,7,0.03,,"scotland, north_west_england, eastern_england",,,,,,,,,
eastern_england,,Eastern England,n_sea,britain,,,,,,,britain,1,home,52.37844802,0.4033023743,Eastern England,17,"120,000","7,442,865",1890,100,550,500,7,0.03,,"north_west_england, wales, southern_england, north_east_england",,,,,,,,,
southern_england,,Southern England,english_channel,britain,,,,,,,britain,1,home,51.19286747,-1.564801168,Southern England,40,"120,000","16,539,699",1895,100,750,500,7,0.03,,"wales, eastern_england",,,,,,,,,
northern_france,,Northern France,english_channel,france,,,,,,,france,1,home,48.3,4.579062,Northern France,34,"95,000","17,505,000",1890,100,400,500,7,0.03,,"western_france, belgium, luxembourg, switzerland, southern_germany, southern_france",,,,,,,,,
wales,,Wales,irish_sea,britain,,,,,,,wales,1,home,52.30077797,-3.323593321,Wales,25,"25,000","2,012,876",,,,,7,0.03,,"north_west_england, eastern_england, southern_england",,,,,,,,,
western_france,,Western France,biscaic,france,,,,,,,france,1,home,46.25,1.1,Western France,31,"100,000","10,114,000",,,,,7,0.03,,"northern_france, southern_france, northern_spain, southern_spain",,,,,,,,,
northern_ireland,,Northern Ireland,irish_sea,britain,,,,,,,ireland,1,home,54.66105832,-6.729318791,Northern Ireland,5,"25,000","805,000",,,,,15,0.03,,,,,,,,,,,
ireland,,Ireland,irish_sea,britain,,,,,,,ireland,1,home,53.16856567,-7.765547265,Ireland,19,"55,000","2,415,000",,,,,15,0.03,,,,,,,,,,,
northern_spain,,Northern Spain,biscaic,spain,,,,,,,spain,1,home,42.059862,-4.091086,Northern Spain,10,"80,000","7,600,500",1930,5,400,300,7,0.03,,"portugal, western_spain, southern_spain, western_france",,,,,,,,,
western_spain,,Western Spain,n_atlantic,spain,,,,,,,spain,1,home,38.724291,-5.903223,Western Spain,8,"65,000","2,300,000",,,,,7,0.03,,"northern_spain, portugal, southern_spain",,,,,,,,,
portugal,,Portugal,n_atlantic,portugal,,,,,,,portugal,,country,39.73886693,-8.104342488,Portugal,5,"95,000","5,450,000",,,,,15,0.065,3,"northern_spain, western_spain",,,,,,,,,
azores,,Azores,n_atlantic,portugal,,,,,,,azores,,,38.42665,-27.57344,Azores,1,"20,000","260,000",,,,,,,,,,,,,,,,,
madeira,,Madeira,n_atlantic,portugal,,,,,,,madeira,,,32.137966,-15.866165,Madeira,1.25,"7,000","160,000",,,,,,,,,,,,,,,,,
morocco,,Morocco,n_atlantic,morocco,morocco,morocco,morocco,france,france,france,morocco,,country,31.596618,-7.15678,Morocco,5,"20,000","3,800,000",1920,5,325,200,15,,,"northern_algeria, southern_algeria, western_sahara",,,,,,,,,
western_sahara,,Western Sahara,n_atlantic,spain,,,,,,,western_sahara,,,24.608908,-13.218668,Western Sahara,2.5,"10,000","35,000",,,,,10,,,"morocco, southern_algeria, mauritania",,,,,,,,,
canary_islands,,Canary Islands,n_atlantic,spain,,,,,,,canary_islands,,,29.210293,-15.176735,Canary Islands,2.9,"12,000","364,408",,,,,,,,,,,,,,,,,
iceland,,Iceland,denmark_strait,denmark,denmark,denmark,denmark,iceland,iceland,iceland,iceland,,,64.159992,-18.399728,Iceland,2,"8,000","82,000",1925,2,300,100,,,,,,,,,,,,,
east_greenland,,East Greenland,denmark_strait,denmark,,,,,,,greenland,,,71.82901246,-32.58384083,East Greenland,0.5,"7,000","7,000",1920,1,900,500,,,,west_greenland,,,,,,,,,
west_greenland,,West Greenland,labrador_sea,denmark,,,,,,,greenland,,,72.51078187,-48.48990589,West Greenland,0.5,"7,000","4,000",1920,1,900,500,,,,east_greenland,,,,,,,,,
north_hokkaido,,North Hokkaido,japan_sea,japan,,,,,,,japan,1,home,44.43122386,142.4680865,North Hokkaido,2,"45,000","704,000",,,,,7,,3,south_hokkaido,,,,,,,,,
south_hokkaido,,South Hokkaido,ne_asia,japan,,,,,,,japan,1,home,42.76637464,142.5063538,South Hokkaido,3,"45,000","1,056,000",,,,,7,,3,north_hokkaido,,,,,,,,,
north_honshu,,North Honshu,japan_sea,japan,,,,,,,japan,1,home,36.40323829,137.1493621,North Honshu,11,"145,000","16,000,000",,,,,7,,3,south_honshu,,,,,,,,,
south_honshu,,South Honshu,ne_asia,japan,,,,,,,japan,1,home,36.18601962,139.4594476,South Honshu,13,"145,000","19,000,000",,,,,7,,3,north_honshu,,,,,,,,,
kyushu,,Kyushu,east_asia,japan,,,,,,,japan,1,home,32.5818111,131.0605654,Kyushu,3,"145,000","5,074,000",,,,,7,,3,,,,,,,,,,
shikoku,,Shikoku,ne_asia,japan,,,,,,,japan,1,home,33.79264446,133.619077,Shikoku,2.5,"145,000","975,000",,,,,7,,3,,,,,,,,,,
okinawa_islands,,Okinawa Islands,east_asia,japan,,,,,,,japan,1,home,26.84892122,129.0463408,Okinawa Islands,1.5,"45,000","528,000",,,,,7,,3,,,,,,,,,,
kamchatka,,Kamchatka,ne_asia,russia,,,,,,,kamchatka,,,56.404092,159.532245,Kamchatka,4,"30,000","75,000",1925,2,300,100,7,,,"southern_siberia, eastern_siberia",,,,,,,,,
kiautschou_bay,,Kiautschou Bay,yellow_sea,germany,germany,germany,germany,china,china,japan,china,1,home,36.514348,119.802227,Kiautschou Bay,4,"30,000","50,750",1925,2,30,100,7,,,northeast_china,,,,,,,,,
liaodong_peninsula,,Liaodong Peninsula,yellow_sea,china,china,japan,japan,japan,japan,japan,china,1,home,39.9,122.5,Liaodong Peninsula,4.5,"45,000","1,950,000",,,,,7,,,"northwest_korea, northeast_korea, manchuria, northeast_china",,,,,,,,,
northeast_korea,,Northeast Korea,japan_sea,korean_kingdom,korean_empire,japan,japan,japan,japan,japan,korean_empire,,,40.77435773,128.1503766,Northeast Korea,5.5,"35,000","3,378,700",,,,,7,0.035,,"southeast_korea, northwest_korea, liaodong_peninsula, manchuria",,,,,,,,,
northwest_korea,,Northwest Korea,yellow_sea,korean_kingdom,korean_empire,japan,japan,japan,japan,japan,korean_empire,,,39.78677657,125.1933078,Northwest Korea,4.5,"35,000","2,237,850",,,,,7,0.035,,"southwest_korea, southeast_korea, northeast_korea, liaodong_peninsula",,,,,,,,,
russian_far_east,,Russian Far East,japan_sea,russia,,,,,,,russia,1,home,52.01699,134.11882,Russian Far East,8.5,"40,000","4,981,340",1925,2,500,100,7,,,"manchuria, siberian_russia, southern_siberia",,,,,,,,,
north_sakhalin,,North Sakhalin,οkhotsk_sea,russia,,,,,,,sakhalin,,,52.08903031,142.647868,North Sakhalin,3.5,"40,000","65,200",1920,2,400,500,3,,,south_sakhalin,,,,,,,,,
south_sakhalin,,South Sakhalin,japan_sea,russia,russia,russia,japan,japan,japan,japan,sakhalin,,,49.36611295,142.647868,South Sakhalin,2.5,"40,000","75,500",1920,2,400,500,3,,,north_sakhalin,,,,,,,,,
southwest_korea,,Southwest Korea,yellow_sea,korean_kingdom,korean_empire,japan,japan,japan,japan,japan,korean_empire,,,36.31004031,127.0988852,Southwest Korea,6.5,"50,000","6,105,100",,,,,7,0.035,,"northwest_korea, southeast_korea",,,,,,,,,
southeast_korea,,Southeast Korea,japan_sea,korean_kingdom,korean_empire,japan,japan,japan,japan,japan,korean_empire,,,36.97996212,128.7248613,Southeast Korea,4.5,"50,000","5,253,300",,,,,7,0.035,,"northwest_korea, northeast_korea, southwest_korea",,,,,,,,,
penghu,,Penghu,east_asia,china,china,japan,japan,japan,japan,japan,china,1,home,24.023279,118.942518,Penghu,3,"35,000","50,000",1925,2,300,100,7,0.025,,,,,,,,,,,
weihaiwei,,Weihaiwei,yellow_sea,china,china,britain,britain,britain,britain,china,china,,country,36.994382,121.827537,Weihaiwei,4,"40,000","275,000",1925,2,300,100,7,,,northeast_china,,,,,,,,,
argentina,,Argentina,s_am_east,argentina,,,,,,,argentina,,country,-35.288094,-64.544586,Argentina,9,"45,000","4,542,000",1930,5,600,300,7,0.03,,"uruguay, paraguay, chile, south_brazil, bolivia",,,,,,,,,
north_brazil,,Northern Brazil,c_atlantic,brazil,,,,,,,brazil,,country,-3.921065943,-52.64155125,Northern Brazil,7.5,"45,000","7,984,000",1930,5,800,300,7,0.03,,"french_guiana, suriname, british_guiana, venezuela, southern_colombia, peru, bolivia, south_brazil",,,,,,,,,
south_brazil,,Southern Brazil,s_am_east,brazil,,,,,,,brazil,,country,-8.359217,-55.582261,Southern Brazil,9.5,"45,000","11,246,000",1930,5,800,300,7,0.03,,"uruguay, paraguay, argentina,north_brazil, bolivia",,,,,,,,,
falkland_islands,,Falkland Islands,s_am_east,britain,,,,,,,argentina,,,-52.09796,-59.623232,Falkland Islands,0.2,"30,000","2,300",1925,1,160,100,,,,,,,,,,,,,
sgssi,,SGSSI,s_am_east,britain,,,,,,,argentina,,,-54.669304,-36.707175,SGSSI,0.1,"20,000","1,000",1920,0.2,200,500,,,,,,,,,,,,,
uruguay,,Uruguay,s_am_east,uruguay,,,,,,,uruguay,,country,-32.803953,-56.039199,Uruguay,6,"4,000","943,000",1925,2,200,100,7,0.03,,"south_brazil, argentina",,,,,,,,,
chile,,Chile,s_am_west,chile,,,,,,,chile,,country,-27.124404,-70.257107,Chile,6,"4,000","3,110,100",1925,2,200,100,7,0.03,,"argentina, bolivia, peru",,,,,,,,,
ecuador,,Ecuador,s_am_west,ecuador,,,,,,,ecuador,,country,-1.487017,-78.526685,Ecuador,5.2,"3,000","1,271,900",1917,5,300,400,7,,,"peru, southern_colombia",,,,,,,,,
galápagos_islands,,Galápagos Islands,s_am_west,ecuador,,,,,,,ecuador,,country,-0.499772,-90.608825,Galápagos Islands,0.1,"3,000","3,500",,,,,,,,,,,,,,,,,
peru,,Peru,s_am_west,peru,,,,,,,peru,,country,-10.751953,-76.372951,Peru,6,"3,000","3,000,000",1890,100,140,400,7,,,"ecuador, north_brazil, bolivia, chile, southern_colombia",,,,,,,,,
southern_colombia,,Southern Colombia,s_am_west,colombia,,,,,,,colombia,,country,1.732436,-74.655823,Southern Colombia,6,"15,000","1,247,100",1916,5,400,400,7,,,"ecuador, northern_colombia, north_brazil, venezuela, panama, peru",,,,,,,,,
cook_islands,,Cook Islands,s_pacific,britain,,,,,,,cook_islands,,,-21.701303,-159.296225,Cook Islands,0.5,"10,000","6,000",,,,,,,,,,,,,,,,,
eastern__samoa,,Eastern  Samoa,s_pacific,samoa,samoa,usa,usa,usa,usa,usa,samoa,,country,-13.591072,-170.0965,Eastern  Samoa,0.7,"5,000","37,000",,,,,,,,,,,,,,,,,
marquesas_islands,,Marquesas Islands,s_pacific,france,,,,,,,marquesas_islands,,,-9.861539,-139.246823,Marquesas Islands,0.1,"3,000","3,000",,,,,,,,,,,,,,,,,
french_polynesia,,French Polynesia,s_pacific,france,,,,,,,french_polynesia,,,-16.561735,-147.945884,French Polynesia,1.75,"3,000","30,000",,,,,,,,,,,,,,,,,
easter_island,,Easter Island,s_pacific,chile,,,,,,,chile,,country,-26.843536,-109.396183,Easter Island,0.1,"6,000",900,,,,,,,,,,,,,,,,,
pitcairn_islands,,Pitcairn Islands,s_pacific,britain,,,,,,,pitcairn_islands,,,-24.375928,-128.326096,Pitcairn Islands,1,"6,000",170,,,,,,,,,,,,,,,,,
eastern_gilbert_&_ellice_islands,,Eastern Gilbert & Ellice Islands,s_pacific,britain,,,,,,,kiribati,,,2.875893,-158.624186,Eastern Gilbert & Ellice Islands,1,"5,000","5,000",,,,,,,,,,,,,,,,,
western_samoa,,Western Samoa,s_pacific,samoa,samoa,germany,germany,britain,britain,britain,samoa,,country,-14.307994,-172.848982,Western Samoa,0.3,"5,000","6,000",,,,,,,,,,,,,,,,,
northern_australia,,Northern Australia,indonesian_sea,britain,,,australia,australia,australia,australia,australia,1,home,-19.35055367,133.1420473,Northern Australia,7,"30,000","1,229,590",1920,1,525,250,,,,"eastern_australia, western_australia",,,,,,,,,
western_australia,,Western Australia,indian_east,britain,,,australia,australia,australia,australia,australia,1,home,-24.783896,128.709988,Western Australia,4,"20,000","1,129,590",1920,5,525,250,,,,"eastern_australia, northern_australia",,,,,,,,,
eastern_australia,,Eastern Australia,oceania_south,britain,,,australia,australia,australia,australia,australia,1,home,-29.350863,145.969211,Eastern Australia,3,"20,000","1,135,710",1920,5,525,250,,,,"western_australia, northern_australia",,,,,,,,,
tasmania,,Tasmania,oceania_south,britain,,,australia,australia,australia,australia,tasmania,,,-42.192165,146.598695,Tasmania,1.7,"15,000","76,000",1930,1,200,100,,,,,,,,,,,,,
bismarck_archipelago,,Bismarck Archipelago,oceania_north,germany,,,,australia,australia,australia,bismarck_archipelago,,,-3.310277,151.758058,Bismarck Archipelago,3,"25,000","55,000",,,,,,,,,,,,,,,,,
caroline_islands,,Caroline Islands,oceania_north,spain,spain,germany,germany,japan,japan,japan,caroline_islands,,,7.122381,143.752726,Caroline Islands,2,"15,000","36,000",1925,1,150,100,,,,,,,,,,,,,
dutch_new_guinea,,Dutch New Guinea,oceania_north,netherlands,,,,,,,dutch_new_guinea,,,-4.173979,137.132256,Dutch New Guinea,5,"3,000","333,387",1930,5,600,500,,,,territory_of_papua,,,,,,,,,
fiji,,Fiji,s_pacific,britain,,,,,,,fiji,,,-17.166813,178.289681,Fiji,1.8,"15,000","125,000",,,,,,,,,,,,,,,,,
german_new_guinea,,German New Guinea,oceania_north,germany,germany,germany,germany,australia,australia,australia,200,,,-6.377619,148.396399,German New Guinea,5,"15,000","188,000",1911,6,400,200,,,,,,,,,,,,,
guam,,Guam,philip_sea,spain,spain,usa,usa,usa,usa,usa,guam,,,13.082432,144.649024,Guam,0.5,"20,000","12,000",,,,,,0.025,,,,,,,,,,,
marshall_islands,,Marshall Islands,s_pacific,germany,germany,germany,germany,japan,japan,japan,marshall_islands,,,7.362595,168.787825,Marshall Islands,1,"15,000","15,000",1925,1,100,100,,,,,,,,,,,,,
western_gilbert_&_ellice_islands,,Western Gilbert & Ellice Islands,s_pacific,britain,kiribati,britain,britain,britain,britain,britain,kiribati,,,0.186725,174.010642,Western Gilbert & Ellice Islands,1,"15,000","25,000",,,,,,,,,,,,,,,,,
new_caledonia,,New Caledonia,s_pacific,france,,,,,,,new_caledonia,,,-21.417326,165.481015,New Caledonia,2.7,"10,000","54,000",1925,1,100,100,,,,,,,,,,,,,
new_zealand,,New Zealand,oceania_south,britain,,,,,,,new_zealand,,,-42.639365,172.172917,New Zealand,3.7,"3,000","802,200",1930,4,250,100,,,,,,,,,,,,,
northern_marianas,,Northern Marianas,philip_sea,spain,spain,germany,germany,japan,japan,japan,northern_marianas,,,14.613108,145.410675,Northern Marianas,0.7,"10,000","20,000",,,,,,,,,,,,,,,,,
solomon_islands,,Solomon Islands,oceania_north,germany,germany,britain,britain,britain,britain,britain,solomon_islands,,,-8.086897,158.441201,Solomon Islands,2.5,"25,000","135,000",,,,,,,,,,,,,,,,,
territory_of_papua,,Territory of Papua,oceania_north,britain,,,,,,,papua,,,-8.614482,147.570515,Territory of Papua,3,"1,000","400,000",1912,2,300,,,,,dutch_new_guinea,,,,,,,,,
vanuatu,,Vanuatu,s_pacific,vanuatu,,,,,,,vanuatu,,country,-15.263711,166.861199,Vanuatu,1,"13,000","45,000",,,,,,,,,,,,,,,,,
annam,,Annam,se_asia,france,,,,,,,north_vietnam,,,14.54666,108.117507,Annam,7,"26,000","4,620,000",1925,2,300,200,,,,"cochinchina, cambodia, tonkin, laos",,,,,,,,,
borneo,,Borneo,indonesian_sea,netherlands,,,,,,,borneo,,,-0.575572,114.444324,Borneo,5,"2,000","1,909,801",1930,5,900,500,,,,"sarawak, north_borneo",,,,,,,,,
north_borneo,,North Borneo,se_asia,britain,,,,,,,malaysia,,,5.319762,116.959205,North Borneo,3,"1,500","300,000",1925,10,600,500,,,,"brunei, sarawak, borneo",,,,,,,,,
sarawak,,Sarawak,se_asia,malaysia,,,,,,,malaysia,,,2.296353,113.740485,Sarawak,3,"1,000","500,000",1908,10,600,500,,,,"borneo, brunei, north_borneo",,,,,,,,,
brunei,,Brunei,se_asia,britain,,,,,,,brunei,,,4.14049,114.442649,Brunei,2.7,"1,000","22,000",1897,10,600,500,,,,"sarawak, north_borneo",,,,,,,,,
cochinchina,,Cochinchina,se_asia,france,,,,,,,south_vietnam,,,10.353369,106.021253,Cochinchina,6,"45,000","2,968,500",1925,2,400,200,,,,"cambodia, annam",,,,,,,,,
formosa,,Formosa,east_asia,china,china,japan,japan,japan,japan,japan,taiwan,,,23.918049,121.180152,Formosa,7,"17,000","2,758,161",,,,,,,,,,,,,,,,,
hong_kong,,Hong Kong,se_asia,britain,china,britain,britain,britain,britain,britain,china,,,22.717749,114.120168,Hong Kong,4,"60,000","320,000",,,,,,,,southern_china,,,,,,,,,
sulawesi,,Sulawesi,indonesian_sea,netherlands,,,,,,,indonesia,,,-2.381633,120.483403,Sulawesi,4,"30,000","1,320,026",1895,10,400,500,,,,,,,,,,,,,
moluccas,,Moluccas,indonesian_sea,netherlands,,,,,,,indonesia,,,-4.566726,128.428603,Moluccas,3,"20,000","1,050,000",1925,2,200,100,,,,,,,,,,,,,
java,,Java,indonesian_sea,netherlands,,,,,,,indonesia,,,-7.420237,110.486641,Java,7.5,"35,000","29,767,662",1890,100,500,500,,,,,,,,,,,,,
timor,,Timor,indonesian_sea,portugal,,,,,,,timor,,,-8.752065128,125.9196848,Timor,1.75,"35,000","175,000",,,,,,,,,,,,,,,,,
kwang-chou-wan,,Kwang-Chou-Wan,se_asia,france,,,,,,,china,1,home,20.449693,110.123565,Kwang-Chou-Wan,5,"15,000","185,000",,,,,,,,southern_china,,,,,,,,,
malaya,,Malaya,se_asia,britain,,,,,,,malaysia,,,4.190628,102.034774,Malaya,5,"15,000","900,000",1908,10,300,500,7,,,"thailand, singapore",,,,,,,,,
west_phillipinnes,,West Philippines,se_asia,spain,spain,usa,usa,usa,usa,usa,phillipinnes,,,11.70623876,121.2527084,West Philippines,5,"35,000","10,990,030",1895,4,100,100,7,,,,,,,,,,,,
east_phillipinnes,,East Philippines,philip_sea,spain,spain,usa,usa,usa,usa,usa,phillipinnes,,,13.15335844,124.7477804,East Philippines,4,"35,000","10,990,030",1895,4,100,100,7,,,,,,,,,,,,
singapore,,Singapore,se_asia,britain,,,,,,,singapore,,,1.733731,103.695443,Singapore,3.5,"25,000","75,729",,,,,,,,malaya,,,,,,,,,
sumatra,,Sumatra,se_asia,netherlands,,,,,,,sumatra,,,-0.487982,101.533922,Sumatra,6,"5,000","9,454,843",1895,10,500,500,4,,,,,,,,,,,,
thailand,,Thailand,se_asia,thailand,,,,,,,thailand,,country,15.280033,100.97176,Thailand,9,"15,000","11,838,000",,,,,7,,,"malaya, burma, laos, cambodia",,,,,,,,,
cambodia,,Cambodia,se_asia,france,,,,,,,cambodia,,,12.668126,105.037111,Cambodia,4.5,"15,000","1,103,000",1925,1,200,100,7,,,"cochinchina, annam, thailand",,,,,,,,,
tonga,,Tonga,s_pacific,tonga,,,,,,,tonga,,country,-20.336262,-174.889933,Tonga,0.8,"10,000","21,000",1925,1,200,100,7,,,,,,,,,,,,
tonkin,,Tonkin,se_asia,france,,,,,,,north_vietnam,,,21.53514,105.523465,Tonkin,3.7,"10,000","6,000,000",1925,1,200,100,7,,,"laos, annam, southern_china",,,,,,,,,
eastern_mexico,,Southeast Mexico,mex_coast,mexico,,,,,,,mexico,,country,18.91186548,-96.44896115,Southeast Mexico,6.5,"25,000","5,000,000",1925,5,900,500,7,,,"western_mexico, northeast_mexico, british_honduras, belize",,,,,,,,,
southwest_mexico,,Southwest Mexico,n_am_west,mexico,,,,,,,mexico,,country,17.50295716,-99.43611928,Southwest Mexico,3.5,"15,000","3,000,000",1925,5,900,500,7,,,"northeast_mexico, british_honduras",,,,,,,,,
gulf_coast,,Gulf Coast,mex_coast,usa,,,,,,,usa,1,home,30.646982,-92.777504,Gulf Coast,12,"100,000","15,623,501",1900,10,1750,1000,7,,,"western_mexico, northeast_mexico, western_usa, central_usa, southeastern_seaboard",,,,,,,,,
dutch_antilles,,Dutch Antilles,caribbean,netherlands,,,,,,,antilles,,,12.635553,-69.056792,Dutch Antilles,3,"15,000","44,000",,,,,,,,,,,,,,,,,
french_antilles,,French Antilles,caribbean,france,,,,,,,antilles,,,15.664492,-61.836848,French Antilles,4,"15,000","52,000",,,,,7,,,,,,,,,,,,
british_honduras,,Guatemala,s_am_west,britain,,,,,,,british_honduras,,,15.49025241,-90.35360601,Guatemala,3.2,"15,000","1,250,000",,,,,7,,,"eastern_mexico, southwest_mexico, honduras, belize, el_salvador",,,,,,,,,
belize,,Belize,caribbean,britain,,,,,,,belize,,,17.066667,-88.7,Belize,1.6,"15,000","115,000",,,,,7,,,"eastern_mexico, british_honduras",,,,,,,,,
el_salvador,,El Salvador,s_am_west,salvador_c,,,,,,,salvador_c,,country,13.71863979,-88.85694571,El Salvador,1.4,"15,000","655,000",,,,,7,,,"british_honduras, honduras",,,,,,,,,
cayman_islands,,Cayman Islands,caribbean,britain,,,,,,,jamaica,,,19.92635,-80.799475,Cayman Islands,0.2,"10,000","5,000",,,,,7,,,,,,,,,,,,
costa_rica,,Costa Rica,caribbean,costa_rica,,,,,,,costa_rica,,country,9.332035,-83.749223,Costa Rica,5,"25,000","341,600",,,,,7,,,"panama, nicaragua",,,,,,,,,
cuba,,Cuba,caribbean,spain,spain,cuba,cuba,cuba,cuba,cuba,cuba,,,21.993051,-79.10099,Cuba,10,"75,000","1,600,000",,,,,7,,,guantanamo,,,,,,,,,
dominican_republic,,Dominican Republic,caribbean,dominican_republic,dominican_republic,dominican_republic,dominican_republic,usa,dominican_republic,dominican_republic,dominican_republic,,country,18.983051,-69.329663,Dominican Republic,6,"15,000","600,000",,,,,7,,,haiti,,,,,,,,,
grand_bahama,,Grand Bahama,caribbean,britain,,,,,,,grand_bahama,,,26.507748,-76.922083,Grand Bahama,5,"15,000","55,000",,,,,7,,,,,,,,,,,,
guantanamo,,Guantanamo,caribbean,spain,spain,usa,usa,usa,usa,usa,cuba,,,20.379018,-74.862799,Guantanamo,0.1,"25,000","35,000",,,,,7,,,cuba,,,,,,,,,
british_guiana,,British Guiana,caribbean,britain,,,,,,,guyana,,,4.746782,-58.992483,British Guiana,4,"3,000","300,000",,,,,7,,,"venezuela, suriname, north_brazil",,,,,,,,,
haiti,,Haiti,caribbean,haiti,,,,,,,haiti,,country,19.039949,-72.348068,Haiti,4,"3,000","1,347,000",,,,,7,,,dominican_republic,,,,,,,,,
honduras,,Honduras,caribbean,honduras,,,,,,,honduras,,country,14.816253,-87.061349,Honduras,3.5,"3,000","543,700",,,,,7,,,"british_honduras, nicaragua, el_salvador",,,,,,,,,
jamaica,,Jamaica,caribbean,britain,,,,,,,jamaica,,,18.380326,-77.331687,Jamaica,5,"7,000","720,000",,,,,7,,,,,,,,,,,,
new_providence,,New Providence,caribbean,britain,,,,,,,new_providence,,,24.390547,-77.215586,New Providence,4,"4,000","45,000",,,,,7,,,,,,,,,,,,
nicaragua,,Nicaragua,caribbean,nicaragua,,,,,,,nicaragua,,country,12.90547,-85.019032,Nicaragua,4,"4,000","429,300",,,,,7,,,"honduras, costa_rica",,,,,,,,,
northern_colombia,,Northern Colombia,caribbean,colombia,,,,,,,colombia,,country,8.414879,-74.797093,Northern Colombia,10,"22,000","2,909,900",1916,5,700,400,7,,,"southern_colombia, venezuela",,,,,,,,,
panama,,Panama,caribbean,usa,,,,,,,panama,,,8.520259,-80.155156,Panama,3,"30,000","263,000",,,,,,,,"costa_rica, northern_colombia",,,,,,,,,
puerto_rico,,Puerto Rico,caribbean,spain,,usa,usa,usa,usa,usa,puerto_rico,,,17.940279,-66.931585,Puerto Rico,6,"25,000","986,000",,,,,,,,,,,,,,,,,
british_antilles,,British Antilles,caribbean,britain,,,,,,,antilles,,,13.268076,-62.171613,British Antilles,2.2,"10,000","115,000",,,,,7,,,,,,,,,,,,
trinidad,,Trinidad,caribbean,britain,,,,,,,trinidad,,,10.07716,-61.111093,Trinidad,3.5,"18,000","320,000",,,,,7,,,,,,,,,,,,
venezuela,,Venezuela,caribbean,venezuela,,,,,,,venezuela,,country,7.361657,-66.282812,Venezuela,7,"40,000","2,445,000",1912,5,4500,500,7,,,"northern_colombia, southern_colombia, north_brazil, british_guiana",,,,,,,,,
virgin_islands,,Virgin Islands,caribbean,denmark,denmark,denmark,usa,usa,usa,usa,virgin_islands,,,17.420768,-62.252336,Virgin Islands,3,"20,000","28,000",,,,,,,,,,,,,,,,,
turks_&_caicos_islands,,Turks & Caicos Islands,caribbean,britain,,,,,,,caicos,,,22.007012,-72.144411,Turks & Caicos Islands,1.75,"6,000","5,500",,,,,,,,,,,,,,,,,
french_guiana,,French Guiana,caribbean,france,,,,,,,french_guiana,,,4.045842,-53.223442,French Guiana,3,"20,000","24,000",,,,,,,,"suriname, north_brazil",,,,,,,,,
suriname,,Suriname,caribbean,netherlands,,,,,,,suriname,,,4.165116,-55.900766,Suriname,4,"1,000","86,000",,,,,,,,"french_guiana, british_guiana, north_brazil",,,,,,,,,
angola,,Angola,w_africa,portugal,,,,,,,angola,,,-12.277069,17.128732,Angola,5,"15,000","4,790,000",1930,9,,120,7,0.0045,,"southwest_africa, northern_rhodesia, congo_free_state, middle_congo",,,,,,,,,
southwest_africa,,Southwest Africa,s_atlantic,germany,germany,germany,germany,britain,britain,britain,namibia,,,-22.339521,16.6603,Southwest Africa,5,"20,000","210,000",,,,,7,,,"bechuanaland, south_africa, angola, northern_rhodesia",,,,,,,,,
south_africa,,South Africa,s_atlantic,britain,,,,,,,south_africa,,,-30.70356,24.80518,South Africa,6,"15,000","9,100,000",,,,,7,,,"southwest_africa, bechuanaland, orange_free_state, transvaal",,,,,,,,,
cameroon,,Cameroon,w_africa,germany,germany,germany,germany,france,france,france,cameroon,,,4.644885,12.662672,Cameroon,4,"25,000","3,500,000",1930,4,175,75,7,,,"equatorial_guinea, congo_free_state, central_african_republic, chad, nigeria",,,,,,,,,
congo_free_state,,Congo Free State,w_africa,belgium,,,,,,,zaire,,,-3.71532,23.676722,Congo Free State,6.7,"5,000","4,103,000",,,,,7,0.0013,,"central_african_republic, cameroon, middle_congo, angola, northern_rhodesia, tanganyika, uganda, chad, south_sudan, portuguese_congo",,,,,,,,,
dahomey,,Dahomey,w_africa,france,,,,,,,dahomey,,,9.22796,2.357078,Dahomey,4,"7,000","570,000",,,,,7,,,"togoland, nigeria, upper_volta, niger",,,,,,,,,
gabon,,Gabon,w_africa,france,,,,,,,gabon,,,-0.725298,11.767754,Gabon,3.7,"4,000","240,000",,,,,7,,,"middle_congo, equatorial_guinea, congo_free_state",,,,,,,,,
gambia,,Gambia,c_atlantic,britain,,,,,,,gambia,,,13.488221,-14.745328,Gambia,3,"6,000","165,000",,,,,7,,,senegal,,,,,,,,,
gold_coast,,Gold Coast,w_africa,britain,,,,,,,ghana,,,7.07992,-1.529502,Gold Coast,5.8,"12,000","1,486,400",,,,,7,,,"upper_volta, ivory_coast, togoland",,,,,,,,,
equatorial_guinea,,Equatorial Guinea,w_africa,spain,,,,,,,equatorial_guinea,,,1.313373,10.651782,Equatorial Guinea,4,"6,000","150,000",,,,,7,,,"cameroon, gabon",,,,,,,,,
portuguese_guinea,,Portuguese Guinea,c_atlantic,portugal,,,,,,,guinea_bissau,,,12.457441,-13.647192,Portuguese Guinea,5,"12,000","200,000",,,,,7,,,"french_guinea, senegal",,,,,,,,,
french_guinea,,French Guinea,c_atlantic,france,,,,,,,cayenne,,,10.414074,-10.032578,French Guinea,5.9,"14,000","1,459,000",,,,,7,,,"sierra_leone, french_sudan, ivory_coast, portuguese_guinea, senegal, liberia",,,,,,,,,
ivory_coast,,Ivory Coast,w_africa,france,,,,,,,ivory_coast,,,7.319216,-5.616286,Ivory Coast,6,"17,000","1,355,000",1930,4,175,75,7,,,"gold_coast, liberia, french_guinea, french_sudan, upper_volta",,,,,,,,,
liberia,,Liberia,c_atlantic,liberia,,,,,,,liberia,,country,6.109599,-9.169931,Liberia,4,"3,000","641,000",1930,4,175,75,7,,,"sierra_leone, french_guinea, ivory_coast",,,,,,,,,
mauritania,,Mauritania,c_atlantic,france,mauritania,france,france,france,france,france,mauritania,,,20.136621,-10.435459,Mauritania,2,"15,000","502,000",,,,,7,,,"western_sahara, senegal, french_sudan, southern_algeria",,,,,,,,,
portuguese_congo,,Portuguese Congo,w_africa,portugal,,,,,,,congo,,,-5.064265115,12.32470313,Portuguese Congo,1.2,"12,000","120,000",1930,1,100,100,7,,,"middle_congo, congo_free_state",,,,,,,,,
middle_congo,,Middle Congo,w_africa,france,,,,,,,congo,,,-2.850737,14.586904,Middle Congo,4,"12,000","780,000",,,,,7,,,"gabon, congo_free_state, portuguese_congo, cameroon, central_african_republic",,,,,,,,,
nigeria,,Nigeria,w_africa,britain,,,,,,,nigeria,,,9.208102,7.52966,Nigeria,7,"36,000","16,000,000",1927,5,1550,1500,7,,,"dahomey, cameroon, chad, niger",,,,,,,,,
senegal,,Senegal,c_atlantic,france,,,,,,,senegal,,,14.890284,-14.956799,Senegal,5,"10,000","1,200,000",,,,,7,,,"gambia, mauritania, french_sudan, french_guinea",,,,,,,,,
sierra_leone,,Sierra Leone,c_atlantic,britain,,,,,,,sierra_leone,,,8.420761,-11.606045,Sierra Leone,4,"3,000","1,027,000",,,,,7,,,"french_guinea, liberia",,,,,,,,,
togoland,,Togoland,w_africa,germany,germany,germany,germany,france,france,france,ghana,,,7.835483,1.106153,Togoland,5.7,"20,000","920,000",1930,4,125,75,7,,,"dahomey, gold_coast, upper_volta",,,,,,,,,
cape_verde,,Cape Verde,c_atlantic,portugal,,,,,,,cape_verde,,,15.837768,-23.799824,Cape Verde,2,"7,500","140,000",,,,,,,,,,,,,,,,,
french_sudan,,French Sudan,c_atlantic,france,,,,,,,mali,,,17.767555,-1.903396,French Sudan,4,0,"2,672,000",,,,,7,,,"southern_algeria, mauritania, senegal, french_guinea, ivory_coast, upper_volta, niger",,,,,,,,,
niger,,Niger,w_africa,niger,niger,france,france,france,france,france,niger,,country,16.197643,8.68338,Niger,3,0,"1,459,000",,,,,7,,,"southern_algeria, french_sudan, upper_volta, dahomey, nigeria, chad, fezzan-ghadames",,,,,,,,,
upper_volta,,Upper Volta,w_africa,upper_volta,upper_volta,upper_volta,upper_volta,france,france,france,upper_volta,,country,11.952705,-1.497963,Upper Volta,3.4,0,"2,222,000",,,,,7,,,"french_sudan, ivory_coast, gold_coast, togoland, dahomey, niger",,,,,,,,,
chad,,Chad,w_africa,chad,chad,france,france,france,france,france,chad,,country,14.38658,18.606495,Chad,2.5,0,"675,000",,,,,7,,,"fezzan-ghadames, cyrenaica, niger, nigeria, cameroon, central_african_republic, sudan",,,,,,,,,
central_african_republic,,Central African Republic,w_africa,central_african_republic,central_african_republic,france,france,france,france,france,central_african_republic,,country,6.221066,20.683768,Central African Republic,2.2,0,"559,000",,,,,7,,,"chad, cameroon, congo_free_state, sudan, south_sudan",,,,,,,,,
central_usa,,Central USA,n_am_west,usa,,,,,,,usa,1,home,38.701968,-97.933502,Central USA,9,0,"10,136,222",1890,100,1000,500,7,,,"canadian_prairies, southeastern_seaboard, western_usa, gulf_coast, eastern_usa, british_columbia",,,,,,,,,
bolivia,,Bolivia,s_am_west,bolivia,,,,,,,bolivia,,country,-17.022076,-64.295778,Bolivia,4,0,"1,766,000",,,,,7,,,"peru, north_brazil, south_brazil, chile, argentina, paraguay",,,,,,,,,
paraguay,,Paraguay,s_am_west,paraguay,,,,,,,paraguay,,country,-23.578981,-58.543113,Paraguay,3,0,"635,600",,,,,7,,,"south_brazil, bolivia, argentina, uruguay",,,,,,,,,
ethiopia,,Ethiopia,arabian_sea,ethiopia,ethiopia,ethiopia,ethiopia,ethiopia,ethiopia,italy,ethiopia,,country,8.061822,39.379325,Ethiopia,5,0,"12,180,600",,,,,7,,,"eritrea, djibouti, british_somaliland, italian_somaliland, british_east_africa, sudan, south_sudan",,,,,,,,,
uganda,,Uganda,indian_west,britain,uganda,britain,britain,britain,britain,britain,uganda,,,0.846044,32.020606,Uganda,3,0,"1,649,900",,,,,7,,,"british_east_africa, tanganyika, congo_free_state, south_sudan, rwanda",,,,,,,,,
nyasaland,,Nyasaland,indian_west,britain,nyasaland,nyasaland,britain,britain,britain,britain,nyasaland,,,-13.53782564,34.39118685,Nyasaland,2,0,"1,125,100",,,,,,,,"mozambique, tanganyika, northern_rhodesia",,,,,,,,,
southern_rhodesia,,Southern Rhodesia,indian_west,zimbabwe,zimbabwe,zimbabwe,zimbabwe,britain,britain,britain,zimbabwe,,country,-19.016667,30.016667,Southern Rhodesia,3.9,0,"692,000",,,,,,,,"northern_rhodesia, mozambique, bechuanaland, south_africa",,,,,,,,,
northern_rhodesia,,Northern Rhodesia,indian_west,zambia,zambia,zambia,britain,britain,britain,britain,zambia,,country,-14.116667,27.633333,Northern Rhodesia,4.1,0,"770,000",,,,,,,,"southern_rhodesia, nyasaland, mozambique, angola, congo_free_state, tanganyika, southwest_africa",,,,,,,,,
orange_free_state,,Orange Free State,indian_west,boer,boer,boer,britain,britain,britain,britain,boer,,country,-28.25827653,25.2526226,Orange Free State,2.9,0,"750,000",,,,,35,0.005,,"south_africa, basutoland, transvaal",,,,,,,,,
transvaal,,Transvaal,indian_west,transvaal,transvaal,transvaal,britain,britain,britain,britain,transvaal,,country,-25.35523,28.924594,Transvaal,3.5,0,"1,400,000",,,,,35,0.005,,"south_africa, mozambique, swaziland",,,,,,,,,
swaziland,,Swaziland,indian_west,transvaal,transvaal,transvaal,britain,britain,britain,britain,swaziland,,,-26.57459725,31.44450753,Swaziland,1.3,0,"420,000",,,,,15,0.005,,"south_africa, transvaal",,,,,,,,,
basutoland,,Basutoland,indian_west,britain,britain,britain,britain,britain,britain,britain,lesotho,,,-29.54968398,28.21505298,Basutoland,1.2,0,"347,500",,,,,15,0.005,,"south_africa, orange_free_state",,,,,,,,,
afghanistan,,Afghanistan,arabian_sea,afghanistan,,,,,,,afghanistan,,country,33.309019,65.681725,Afghanistan,4,0,"4,550,000",1930,4,550,250,45,0.006,6,"persia, india, pakistan, turkmenistan, kashmir, xinjiang, tajikistan, uzbekistan",,,,,,,,,
nepal,,Nepal,benghal_sea,nepal,,,,,,,nepal,,country,28.132244,83.76932,Nepal,3,0,"3,599,000",,,,,25,,6,"tibet, bhutan, northern_india",,,,,,,,,
bhutan,,Bhutan,benghal_sea,bhutan,,,,,,,bhutan,,country,27.315906,90.38824,Bhutan,1.5,0,"280,000",,,,,2,,6,"tibet, northern_india, north-east_frontier",,,,,,,,,
north-east_frontier,,North-East Frontier,benghal_sea,britain,,,,,,,india,,,28.38231943,94.48973135,North-East Frontier,1.25,0,"240,000",,,,,2,,6,"burma, tibet, bhutan, eastern_india",,,,,,,,,
bechuanaland,,Bechuanaland,s_atlantic,britain,,,,,,,botswana,,,-22.313577,23.868254,Bechuanaland,3.5,0,"90,000",,,,,,,,"southwest_africa, southern_rhodesia, south_africa",,,,,,,,,
luxembourg,,Luxembourg,n_sea,luxembourg,,,,,,,luxembourg,,country,49.65789805,6.144056043,Luxembourg,4.5,0,"150,000",,,,,,0.06,,"belgium, northern_france, western_germany, southern_germany",,,,,,,,,
switzerland,,Switzerland,adriatic,switzerland,,,,,,,switzerland,,country,46.797949,8.33441,Switzerland,15,0,"3,315,400",,,,,,0.03,7,"southern_germany, southern_france, northern_france, austria, northeast_italy, northwest_italy",,,,,,,,,
serbia,,Serbia,adriatic,serbia,,,,,,,serbia,,country,43.66687,21.131283,Serbia,5,0,"2,579,800",,,,,,0.04,3,"bosnia_&_herzegovina, croatia, montenegro, central_balkans, romania, hungary, kosovo, bulgaria",,,,,,,,,
southern_germany,,Southern Germany,n_sea,germany,,,,,,,germany,1,home,48.504864,10.782328,Southern Germany,25,0,"10,146,092",,,,,7,0.03,,"switzerland, austria, luxembourg, northern_france, western_germany, eastern_germany, bohemia-moravia",,,,,,,,,
central_balkans,,Central Balkans,adriatic,ottoman,ottoman,ottoman,ottoman,central_balkans,central_balkans,central_balkans,serbia,,,41.56,21.75232,Central Balkans,3.5,0,"790,000",,,,,7,0.02,2.5,"northern_greece, bulgaria, eastern_rumelia, serbia, albania, kosovo",,,,,,,,,
kosovo,,Kosovo,adriatic,ottoman,ottoman,ottoman,ottoman,serbia,serbia,serbia,serbia,,,42.50891299,20.89857987,Kosovo,2,0,"245,000",,,,,7,0.02,2.5,"serbia, albania, montenegro, central_balkans",,,,,,,,,
transjordania,,Transjordania,medit,ottoman,ottoman,ottoman,ottoman,jordan,jordan,jordan,jordan,,,30,37.226793,Transjordania,3.6,0,"450,000",,,,,7,,,"palestine, syria, iraq, arabia, hejaz",,,,,,,,,
mongolia,,Mongolia,japan_sea,china,china,china,china,mongolia,mongolia,mongolia,mongolia,,,46.663542,103.402931,Mongolia,2,0,"604,000",,,,,7,,3,"xinjiang, siberian_russia, northern_china",,,,,,,,,
manchuria,,Manchuria,japan_sea,china,china,china,china,china,china,japan,china,1,home,45.123696,126.621246,Manchuria,7,0,"25,000,000",1930,15,2000,2000,7,,,"northern_china, russian_far_east, liaodong_peninsula, northeast_korea",,,,,,,,,
tibet,,Tibet,benghal_sea,china,,,,tibet,tibet,tibet,tibet,1,home,32.03184366,86.84009316,Tibet,5,0,"3,500,000",1920,0.005,750,500,15,0.01,5,"nepal, kashmir, northern_india, xinjiang, central_china, bhutan, north-east_frontier, burma, eastern_india",,,,,,,,,
xinjiang,,Xinjiang,benghal_sea,china,,,,xinjiang,xinjiang,,xinjiang,1,home,41.31253872,84.35313609,Xinjiang,9,0,"8,500,000",1920,5,3500,500,12,0.015,3,"afghanistan, tajikistan, kazakhstan, kyrgyzstan, kashmir, central_china, mongolia, siberian_russia, northern_china",,,,,,,,,
northern_china,,Northern China,yellow_sea,china,,,,,,,china,1,home,40.03270173,102.8899636,Northern China,11,0,"15,500,000",1890,100,1500,2000,15,0.015,,"manchuria, mongolia, xinjiang, central_china, northeast_china",,,,,,,,,
northeast_china,,Northeast China,yellow_sea,china,,,,,,,china,1,home,39.33673125,115.3813707,Northeast China,20,"120,000","95,500,000",1890,100,2000,2000,7,0.015,,"liaodong_peninsula, kiautschou_bay, weihaiwei, eastern_china, central_china, northern_china",,,,,,,,,
eastern_china,,Eastern China,east_asia,china,,,,,,,china,1,home,31.87044654,116.871696,Eastern China,25,"120,000","115,200,000",1890,100,2000,2000,7,0.015,,"northeast_china, central_china, southern_china",,,,,,,,,
central_china,,Central China,east_asia,china,,,,,,,china,1,home,34.48837657,104.079865,Central China,10,0,"36,800,000",1930,1,200,1000,7,0.015,,"northern_china, northeast_china, eastern_china, tibet, xinjiang, southern_china",,,,,,,,,
southern_china,,Southern China,se_asia,china,,,,,,,china,1,home,25.29452377,108.7694713,Southern China,15,"75,000","66,500,000",1920,5,1750,2000,7,0.015,,"central_china, burma, tonkin, laos, kwang-chou-wan, hong_kong",,,,,,,,,
siberian_russia,,Siberian Russia,οkhotsk_sea,russia,,,,,,,russia,1,home,61.725573,92.036889,Siberian Russia,7.5,0,"5,692,960",1925,15,4000,2000,,,5,"central_russia, china, mongolia, kazakhstan, russian_far_east, northern_russia, eastern_siberia, southern_siberia",,,,,,,,,
southern_siberia,,Southern Siberia,οkhotsk_sea,russia,,,,,,,russia,1,home,64.35804842,153.289046,Southern Siberia,0.4,0,"45,000",1930,1,1000,500,,,5,"kamchatka, eastern_siberia, siberian_russia, russian_far_east",,,,,,,,,
eastern_siberia,,Eastern Siberia,bering_sea,russia,,,,,,,russia,1,home,66.18572968,133.4147465,Eastern Siberia,0.4,0,"35,000",1930,1,1000,500,,,5,"kamchatka, siberian_russia, southern_siberia",,,,,,,,,
northern_alaska,,Northern Alaska,bering_sea,usa,,,,,,,alaska,1,home,67.11076435,-152.6840433,Northern Alaska,0.5,0,"35,000",1930,3,1000,500,,,5,southern_alaska,,,,,,,,,
kazakhstan,,Kazakhstan,arabian_sea,russia,russia,russia,russia,kazakhstan,russia,russia,kazakhstan,,,48.09006615,67.12792885,Kazakhstan,5.5,0,"5,155,765",1897,15,650,2000,10,,3,"central_russia, xinjiang, southern_russia, siberian_russia, uzbekistan, kyrgyzstan",,,,,,,,,
uzbekistan,,Uzbekistan,arabian_sea,russia,russia,russia,russia,uzbekistan,russia,russia,uzbekistan,,,42.11410513,63.77662166,Uzbekistan,2.75,0,"7,251,060",1930,2,400,2000,10,,3,"kazakhstan, turkmenistan, tajikistan, kyrgyzstan",,,,,,,,,
turkmenistan,,Turkmenistan,arabian_sea,russia,russia,russia,russia,turkmenistan,russia,russia,turkmenistan,,,39.0486007,59.30758676,Turkmenistan,3,0,"6,560,126",1900,5,400,250,10,,3,"uzbekistan, afghanistan, persia",,,,,,,,,
kyrgyzstan,,Kyrgyzstan,arabian_sea,russia,russia,russia,russia,kyrgyzstan,russia,russia,kyrgyzstan,,,41.3642223,74.56679829,Kyrgyzstan,2,0,"2,468,177",1910,10,200,100,10,,3,"kazakhstan, uzbekistan, tajikistan, xinjiang",,,,,,,,,
tajikistan,,Tajikistan,arabian_sea,russia,russia,russia,russia,tajikistan,russia,russia,tajikistan,,,38.57974685,71.21609014,Tajikistan,2.5,0,"4,568,256",1930,5,75,35,10,,3,"kyrgyzstan, uzbekistan, afghanistan, xinjiang",,,,,,,,,
laos,,Laos,se_asia,laos,laos,france,france,france,france,france,laos,,country,19.580202,102.464176,Laos,2.7,0,"473,000",,,,,10,0.03,3,"tonkin, southern_china, burma, thailand, annam",,,,,,,,,